"MUNICIPALITY","DISTRICT","LONGITUDE","LATITUDE","ROOMS","FLOOR_AREA","BALCONY","ELEVATOR","IS_YOUTH","IS_SENIOR","RENT","PUBLISHED","LEASE_TYPE"
"Järfälla","Söderhöjden",17.852246761,59.416554213,"2","51",true,true,false,false,"11830","2024-12-13","Hyresrätt"
"Järfälla","Söderhöjden",17.852246761,59.416554213,"2","54",true,true,false,false,"11957","2024-12-13","Hyresrätt"
"Järfälla","Söderhöjden",17.852246761,59.416554213,"2","54",true,true,false,false,"11957","2024-12-13","Hyresrätt"
"Stockholm","Åkeshov",17.933298,59.334366,"4","90",true,true,false,false,"19365","2024-12-17","Hyresrätt"
"Stockholm","Kista",17.945751,59.40801,"1","29",false,true,false,false,"8738","2024-12-17","Studentlägenhet"
"Stockholm","Kista",17.945751,59.40801,"1","29",false,true,false,false,"8738","2024-12-17","Studentlägenhet"
"Stockholm","Kista",17.945751,59.40801,"1","29",false,true,false,false,"8738","2024-12-17","Studentlägenhet"
"Stockholm","Kista",17.945751,59.40801,"1","29",false,true,false,false,"8738","2024-12-17","Studentlägenhet"
"Stockholm","Kista",17.945751,59.40801,"1","29",false,true,false,false,"8738","2024-12-17","Studentlägenhet"
"Stockholm","Kista",17.945751,59.40801,"1","29",false,true,false,false,"8738","2024-12-17","Studentlägenhet"
"Stockholm","Vårberg",17.883467674,59.272284198,"3","60",false,false,false,false,"14669","2024-12-13","Hyresrätt"
"Botkyrka","Tumba",17.827417,59.181732,"1","25",true,true,false,false,"7569","2024-12-14","Hyresrätt"
"Tyresö","Bollmora",18.222988,59.24655,"1","38",false,true,false,false,"8440","2024-12-17","Hyresrätt"
"Södertälje","Brunnsäng",17.627595663,59.223530869,"2","50",true,false,false,false,"10029","2024-12-13","Hyresrätt"
"Västerås","Skallberget",16.558136701,59.624339484,"3","86",true,true,false,false,"10264","2024-12-12","Hyresrätt"
"Västerås","Råby",16.497736,59.606735,"2","64",true,false,false,false,"8928","2024-12-17","Hyresrätt"
"Huddinge","Källbrink",17.96076,59.252632,"4","95",true,true,false,false,"20279","2024-12-07","Hyresrätt"
"Huddinge","Källbrink",17.96076,59.252632,"3","66",true,true,false,false,"15500","2024-12-07","Hyresrätt"
"Södertälje","Blombacka",17.600365877,59.189982455,"1","33",true,true,false,false,"7625","2024-12-10","Hyresrätt"
"Järfälla","Barkarbystaden",17.864792828,59.410469679,"1","35",true,true,false,false,"15785","2024-12-17","Hyresrätt"
"Järfälla","Veddesta",17.840208,59.401157,"3","66",true,true,false,false,"9965","2024-12-16","Hyresrätt"
"Södertälje","Blombacka",17.600365877,59.189982455,"2","62",false,true,false,false,"12521","2024-12-14","Hyresrätt"
"Sigtuna","Östra Steninge",17.798194885,59.607620487,"4","95",true,true,false,false,"12028","2024-12-14","Hyresrätt"
"Sigtuna","Östra Steninge",17.798194885,59.607620487,"4","95",true,true,false,false,"11295","2024-12-14","Hyresrätt"
"Sigtuna","Märsta Centrum",17.855379581,59.61992876,"4","100",true,true,false,false,"7475","2024-12-14","Hyresrätt"
"Huddinge","Källbrink",17.96113,59.252373,"2","54",true,true,false,false,"20279","2024-12-10","Hyresrätt"
"Huddinge","Källbrink",17.96113,59.252373,"2","50",false,true,false,false,"20208","2024-12-10","Hyresrätt"
"Sigtuna","Valsta",17.82491487,59.616226633,"2","55",true,true,false,false,"13241","2024-12-17","Hyresrätt"
"Stockholm","Sköndal",18.125807561,59.26170972,"4","109",true,true,false,false,"11110","2024-12-14","Hyresrätt"
"Sundbyberg","Ursvik",17.944487826,59.384880879,"1","25",false,true,false,false,"9520","2024-12-14","Hyresrätt"
"Värmdö","Stavsnäs",18.690334846,59.284541933,,"69",true,true,false,false,"7654","2024-12-12","Korttidskontrakt"
"Upplands Väsby","Väsby Centrum",17.903637886,59.520051938,"1","26",false,false,false,false,"11429","2024-12-14","Hyresrätt"
"Stockholm","Skärholmen",17.906177787,59.274535373,"1","15",false,false,false,true,"6973","2024-12-17","SeniorbostadPlus65"
"Värmdö","Stavsnäs",18.690922034,59.285049878,"2","39",false,true,false,false,"7376","2024-12-17","Korttidskontrakt"
"Upplands-Bro","Kungsängen",17.745321,59.477665,"2","71",true,false,false,false,"10564","2024-12-17","Hyresrätt"
"Sigtuna","Tingvalla",17.842963227,59.620158459,"2","71",true,true,false,false,"13572","2024-12-17","Hyresrätt"
"Stockholm","Kärrtorp",18.110876083,59.284879489,"1","40",true,true,false,false,"7580","2024-12-14","Studentlägenhet"
"Nacka","Älta",18.177362,59.25551,"2","59",true,true,false,false,"16449","2024-12-17","Hyresrätt"
"Sollentuna","Rotsunda",17.916899364,59.481822188,"1","38",true,true,false,false,"9907","2024-12-17","Korttidskontrakt"
"Huddinge","Flemingsberg",17.936717874,59.212106632,"2","59",true,true,false,false,"4369","2024-12-14","Studentkorridor"
"Järfälla","Skälby",17.842399835,59.400229699,"3","73",false,true,false,false,"6773","2024-12-12","Studentlägenhet"
"Lidingö","Larsberg",18.147579432,59.348486215,"3","68",true,true,true,false,"10978","2024-12-17","UngdomKorttid"
"Södertälje","Blombacka",17.598602877,59.190620719,"1","35",true,true,false,false,"9609","2024-12-14","Hyresrätt"
"Haninge","Handen",18.135759881,59.158519574,"1","35",true,true,true,false,"5512","2024-12-14","UngdomKorttid"
"Södertälje","Karlhov",17.609476376,59.20734156,"2","45",true,true,false,false,"7310","2024-12-14","Korttidskontrakt"
"Sigtuna","Steninge",17.799291372,59.607281104,"3","55",true,true,false,false,"10144","2024-12-14","Hyresrätt"
"Sigtuna","Steninge",17.799291372,59.607281104,"3","55",true,true,false,false,"13631","2024-12-14","Hyresrätt"
"Sigtuna","Steninge",17.799291372,59.607281104,"3","55",true,true,false,false,"9868","2024-12-14","Hyresrätt"
"Sigtuna","Steninge",17.799291372,59.607281104,"3","75",true,true,false,false,"13645","2024-12-14","Hyresrätt"
"Sigtuna","Steninge",17.799291372,59.607281104,"3","75",true,true,false,false,"16098","2024-12-14","Hyresrätt"
"Solna","Ulriksdal",17.999145603,59.379510565,"3","75",true,true,true,false,"6616","2024-12-17","UngdomKorttid"
"Nacka","Orminge",18.258066,59.327267,"3","78",false,true,false,false,"8983","2024-11-28","Hyresrätt"
"Nacka","Orminge",18.258066,59.327267,"2","59",false,true,false,false,"8983","2024-11-28","Hyresrätt"
"Nacka","Orminge",18.258066,59.327267,"2","48",false,true,false,false,"11100","2024-11-28","Hyresrätt"
"Nacka","Orminge",18.258066,59.327267,"2","56",false,false,false,false,"12903","2024-11-28","Hyresrätt"
"Nacka","Orminge",18.258066,59.327267,"2","33",true,true,false,false,"13085","2024-11-28","Hyresrätt"
"Nacka","Orminge",18.258066,59.327267,"3","83",true,false,false,false,"13085","2024-11-28","Hyresrätt"
"Nacka","Orminge",18.258066,59.327267,"1","34",false,false,false,false,"13085","2024-11-28","Hyresrätt"
"Nacka","Orminge",18.258066,59.327267,"1","36",false,false,false,false,"15344","2024-11-28","Hyresrätt"
"Nacka","Orminge",18.258066,59.327267,"4","93",true,true,false,false,"15594","2024-11-28","Hyresrätt"
"Nacka","Orminge",18.258066,59.327267,"2","42",false,true,false,false,"15594","2024-11-28","Hyresrätt"
"Upplands Väsby","Väsby Centrum",17.917639017,59.517123982,"4","90",true,true,false,true,"12981","2024-12-12","SeniorbostadPlus65"
"Upplands Väsby","Väsby Centrum",17.917639017,59.517123982,"2","35",false,true,false,true,"10873","2024-12-12","SeniorbostadPlus65"
"Nacka","Fisksätra",18.259012183,59.293096656,"3","77",true,false,false,false,"8575","2024-12-17","Hyresrätt"
"Sigtuna","Tingvalla",17.846625332,59.620047618,"1","27",false,true,false,false,"8411","2024-12-13","Hyresrätt"
"Botkyrka","Tumba",17.826431,59.18046,"2","68",true,true,false,false,"9556","2024-12-17","Hyresrätt"
"Nynäshamn","Ösmo",17.902271226,58.987635205,"2","62",false,true,false,false,"11148","2024-12-17","Hyresrätt"
"Huddinge","Flemingsberg",17.939990434,59.212070923,"2","55",true,true,false,false,"5001","2024-12-14","Studentkorridor"
"Huddinge","Flemingsberg",17.939990434,59.212070923,"1","27",true,true,false,false,"5203","2024-12-12","Studentkorridor"
"Sundbyberg","Rissne",17.931673707,59.373742816,"1","40",true,true,false,false,"18580","2024-12-14","Hyresrätt"
"Huddinge","Flemingsberg",17.937958782,59.223580254,"3","69",true,true,false,false,"6539","2024-12-14","Studentlägenhet"
"Järfälla","Jakobsbergs Centrum",17.844961882,59.42137395,"1","15",true,false,false,false,"16043","2024-12-17","Hyresrätt"
"Stockholm","Skärholmen",17.882149399,59.272817302,"1","15",true,false,false,false,"10882","2024-12-17","Hyresrätt"
"Solna","Bergshamra",18.036108639,59.380661833,"2","51",true,true,true,false,"7783","2024-12-14","UngdomKorttid"
"Stockholm","Stadshagen",18.021865937,59.335269571,"2","47",true,true,false,false,"5196","2024-12-17","Hyresrätt"
"Sigtuna","Steninge",17.799825668,59.605861794,"1","31",false,false,false,false,"13097","2024-12-06","Hyresrätt"
"Sigtuna","Östra Steninge",17.798194885,59.607620487,"1","50",true,false,false,false,"12028","2024-12-07","Hyresrätt"
"Sigtuna","Steninge",17.799825668,59.605861794,"1","25",false,true,false,false,"11295","2024-12-07","Hyresrätt"
"Täby","Täby park",18.090633,59.44525,"1","23",false,true,false,false,"10209","2024-12-17","Hyresrätt"
"Sigtuna","Steninge",17.799825668,59.605861794,"1","23",false,true,false,false,"8063","2024-12-11","Hyresrätt"
"Stockholm","Södermalm",18.082122878,59.311969818,"2","53",false,true,true,false,"7747","2024-12-17","UngdomKorttid"
"Upplands-Bro","Finnsta",17.652345742,59.51315741,"2","49",false,true,false,false,"6832","2024-12-11","Hyresrätt"
"Stockholm","Tensta",17.896772,59.39634,"1","15",true,false,false,true,"8573","2024-12-16","SeniorbostadPlus65"
"Solna","Ulriksdal",17.999244887,59.379957878,"1","15",true,false,true,false,"6336","2024-12-12","UngdomKorttid"
"Södertälje","Blombacka",17.59678,59.1899,"4","104",true,true,false,false,"7956","2024-12-12","Hyresrätt"
"Södertälje","Blombacka",17.600086927,59.190575935,"3","84",true,true,false,false,"9668","2024-12-12","Hyresrätt"
"Nykvarn","Nykvarn",17.439006334,59.175134598,"3","64",true,true,false,false,"4154","2024-12-13","Hyresrätt"
"Nykvarn","Nykvarn",17.439988237,59.175185107,"4","91",true,true,false,false,"4155","2024-12-13","Hyresrätt"
"Värmdö","Ingarö",18.436560631,59.276494109,"1","34",false,true,false,true,"8299","2024-12-17","SeniorbostadPlus55"
"Sundbyberg","Sundbyberg Centrum",17.966564802,59.363379252,"1","30",true,true,false,false,"7404","2024-12-14","Korttidskontrakt"
"Södertälje","Geneta",17.579917296,59.194746898,"2","48",true,true,false,false,"5639","2024-12-12","Hyresrätt"
"Södertälje","Fornhöjden",17.665574113,59.18707602,"2","55",false,true,false,false,"7198","2024-12-12","Hyresrätt"
"Stockholm","Kista",17.942531439,59.396586237,"2","52",true,true,false,false,"5251","2024-12-12","Studentlägenhet"
"Sigtuna","Östra Steninge",17.798194885,59.607620487,"2","51",false,false,false,false,"11055","2024-12-12","Hyresrätt"
"Huddinge","Flemingsberg",17.938850748,59.222434192,"1","29",false,true,false,false,"4913","2024-12-13","Studentlägenhet"
"Huddinge","Flemingsberg",17.938850748,59.222434192,"1","24",false,true,false,false,"4792","2024-12-13","Studentlägenhet"
"Huddinge","Flemingsberg",17.938850748,59.222434192,"3","70",true,true,false,false,"4926","2024-12-13","Studentlägenhet"
"Solna","Bergshamra",18.034203685,59.381134395,"1","20",false,true,true,false,"5420","2024-12-13","UngdomKorttid"
"Solna","Ulriksdal",18.000605481,59.378408455,"1","24",false,true,false,false,"4985","2024-12-13","Hyresrätt"
"Nykvarn","Nykvarn",17.437236148,59.175426183,"1","21",false,true,false,false,"4155","2024-12-17","Hyresrätt"
"Nykvarn","Nykvarn",17.437948578,59.175327454,"1","24",false,true,false,false,"4155","2024-12-17","Hyresrätt"
"Stockholm","Rågsved",18.035610164,59.256389693,"1","24",false,true,false,false,"7320","2024-12-14","Hyresrätt"
"Solna","Bergshamra",18.034608779,59.381675238,"2","55",true,false,true,false,"9994","2024-12-13","UngdomKorttid"
"Södertälje","Saltskog",17.628008265,59.184160118,"1","18",false,false,false,false,"9653","2024-12-14","Korttidskontrakt"
"Stockholm","Hagsätra",18.019105244,59.257138387,"2","39",true,true,false,false,"8843","2024-12-14","Hyresrätt"
"Stockholm","Husby",17.927440974,59.408963626,"2","64",true,true,false,false,"10035","2024-12-14","Hyresrätt"
"Huddinge","Sjödalen-Fullersta",17.989081301,59.24119459,"3","60",true,true,false,false,"12145","2024-12-17","Hyresrätt"
"Stockholm","Södermalm",18.037899459,59.314701593,"1","27",true,true,false,false,"12703","2024-12-14","Hyresrätt"
"Nacka","Finntorp",18.139191343,59.309936402,"1","28",true,false,true,false,"5467","2024-12-14","Ungdomslägenhet"
"Stockholm","Södra Hammarbyhamnen",18.112685065,59.305487416,"2","57",true,true,false,false,"7445","2024-12-14","Studentlägenhet"
"Stockholm","Södermalm",18.042300036,59.317248241,"3","75",true,false,false,false,"9842","2024-12-14","Studentlägenhet"
"Haninge","Handen",18.138716536,59.167015756,"3","79",true,true,false,false,"10099","2024-12-14","Hyresrätt"
"Stockholm","Södermalm",18.081189944,59.31115098,"1","16",true,true,true,false,"6820","2024-12-14","UngdomKorttid"
"Sundbyberg","Rissne",17.934880257,59.372522603,"1","16",true,true,false,false,"7455","2024-12-14","Hyresrätt"
"Österåker","Åkersberga",18.308007717,59.477337391,"1","16",true,true,false,false,"9851","2024-12-14","Hyresrätt"
"Haninge","Vega",18.133964539,59.185668423,"1","37",true,false,false,false,"8801","2024-12-14","Hyresrätt"
"Österåker","Margretelund",18.308050632,59.477326493,"1","16",true,true,false,false,"9735","2024-12-14","Hyresrätt"
"Haninge","Handen",18.135724068,59.160328297,"2","59",true,true,false,false,"10679","2024-12-14","Hyresrätt"
"Haninge","Handen",18.138716536,59.167015756,"1","43",false,true,false,false,"10302","2024-12-14","Hyresrätt"
"Stockholm","Södermalm",18.069215993,59.311485285,"4","90",true,true,true,false,"5752","2024-12-14","Ungdomslägenhet"
"Haninge","Handen",18.135745525,59.160333797,"1","26",false,true,false,false,"10908","2024-12-14","Hyresrätt"
"Österåker","Margretelund",18.308200836,59.477391881,"5","141",true,false,false,false,"9851","2024-12-17","Hyresrätt"
"Stockholm","Enskede Gård",18.074028008,59.288269236,"2","69",false,false,false,false,"6694","2024-12-14","Hyresrätt"
"Stockholm","Farsta",18.100748062,59.248829641,"1","22",false,true,true,false,"7415","2024-12-14","Ungdomslägenhet"
"Huddinge","Flemingsberg",17.950857417,59.21696565,"1","14",false,true,false,false,"4868","2024-12-14","Studentlägenhet"
"Stockholm","Fruängen",17.951254993,59.286623249,"1","18",false,true,false,false,"12901","2024-12-14","Hyresrätt"
"Huddinge","Flemingsberg",17.950857417,59.21696565,"1","21",false,true,false,false,"4410","2024-12-14","Studentlägenhet"
"Huddinge","Flemingsberg",17.950857417,59.21696565,"1","32",true,true,false,false,"4868","2024-12-14","Studentlägenhet"
"Huddinge","Flemingsberg",17.951069629,59.216998068,"1","18",false,true,false,false,"4508","2024-12-14","Studentlägenhet"
"Huddinge","Flemingsberg",17.951069629,59.216998068,"2","55",true,true,false,false,"4868","2024-12-14","Studentlägenhet"
"Huddinge","Flemingsberg",17.950857417,59.21696565,"1","26",false,true,false,false,"4868","2024-12-14","Studentlägenhet"
"Huddinge","Skogås",18.14770555,59.220699888,"1","27",true,true,false,false,"6830","2024-12-17","Hyresrätt"
"Stockholm","Solberga",18.000171215,59.28829553,"2","59",true,true,true,false,"3412","2024-12-14","UngdomKorttid"
"Stockholm","Solberga",18.007401612,59.288281249,"2","52",true,true,false,false,"9340","2024-12-14","Hyresrätt"
"Stockholm","Solberga",18.010067799,59.286898159,"2","52",true,true,true,false,"4225","2024-12-14","UngdomKorttid"
"Södertälje","Ronna",17.591872791,59.206183822,"2","55",true,true,false,false,"9594","2024-12-13","Hyresrätt"
"Stockholm","Östberga",18.03284179,59.288665824,"4","83",true,true,false,false,"10085","2024-12-14","Hyresrätt"
"Vallentuna","Vallentuna C",18.085078485,59.531690797,"2","54",true,true,false,false,"6754","2024-12-14","Hyresrätt"
"Botkyrka","Norsborg",17.784468455,59.242033574,"2","45",true,false,false,false,"3917","2024-12-17","Hyresrätt"
"Stockholm","Högdalen",18.048308792,59.262304786,"1","33",true,true,false,false,"7360","2024-12-14","Hyresrätt"
"Stockholm","Årsta",18.046041601,59.294015917,"1","42",true,false,false,false,"9473","2024-12-14","Hyresrätt"
"Botkyrka","Norsborg",17.820183571,59.247600488,"2","49",true,true,false,false,"8741","2024-12-17","Hyresrätt"
"Stockholm","Bromsten",17.908476,59.37778,"1","33",true,true,false,false,"6571","2024-12-14","Studentlägenhet"
"Stockholm","Bromsten",17.908895,59.378025,"1","33",true,true,false,false,"6571","2024-12-14","Studentlägenhet"
"Stockholm","Bromsten",17.908895,59.378025,"1","33",true,true,false,false,"6571","2024-12-14","Studentlägenhet"
"Stockholm","Högdalen",18.047975838,59.263109735,"1","42",true,false,false,false,"5208","2024-12-14","Hyresrätt"
"Stockholm","Bromsten",17.908895,59.378025,"1","34",true,true,false,false,"6571","2024-12-14","Studentlägenhet"
"Botkyrka","Norsborg",17.81258311,59.246236332,"4","80",true,true,false,false,"7296","2024-12-17","Hyresrätt"
"Stockholm","Vasastaden",18.044955801,59.348542223,"1","42",true,false,true,false,"5882","2024-12-17","Ungdomslägenhet"
"Haninge","Brandbergen",18.176897606,59.170545295,"1","42",true,false,false,false,"12769","2024-12-14","Hyresrätt"
"Stockholm","Tallkrogen",18.082554,59.264538,"3","82",true,true,false,false,"6900","2024-12-14","Studentlägenhet"
"Haninge","Brandbergen",18.17506648,59.171889841,"1","42",true,false,false,false,"18057","2024-12-14","Hyresrätt"
"Stockholm","Södermalm",18.085751724,59.315013431,"3","76",true,true,false,false,"10811","2024-12-14","Korttidskontrakt"
"Stockholm","Norra Djurgården",18.059334755,59.355585173,"2","43",true,true,false,false,"7649","2024-12-14","Studentlägenhet"
"Stockholm","Norra Djurgården",18.05953,59.35726,"1","37",true,false,false,false,"6004","2024-12-14","Studentkorridor"
"Stockholm","Norra Djurgården",18.05953,59.35726,"2","38",true,true,false,false,"7103","2024-12-14","Studentlägenhet"
"Stockholm","Norra Djurgården",18.056309223,59.35532268,"2","62",true,true,false,false,"7513","2024-12-14","Studentlägenhet"
"Huddinge","Flemingsberg",17.945652349,59.215515873,"2","54",true,true,false,false,"6262","2024-12-17","Hyresrätt"
"Stockholm","Norra Djurgården",18.059334755,59.355585173,"1","28",false,true,false,false,"7103","2024-12-14","Studentlägenhet"
"Nacka","Nacka Centrum",18.160798729,59.307730604,"3","64",true,true,false,false,"16013","2024-12-17","Hyresrätt"
"Stockholm","Östberga",18.03159,59.289387,"2","40",true,false,false,false,"6322","2024-12-14","Studentlägenhet"
"Stockholm","Södermalm",18.076234106,59.309001437,"1","40",true,false,true,false,"6042","2024-12-14","UngdomKorttid"
"Haninge","Handen",18.135745525,59.160333797,"2","62",true,true,false,false,"11461","2024-12-17","Hyresrätt"
"Stockholm","Mariehäll",17.9459704,59.363718842,"2","43",false,false,false,false,"10146","2024-12-14","Hyresrätt"
"Stockholm","Ladugårdsgärdet",18.106251613,59.347510933,"2","47",true,true,false,false,"8659","2024-12-17","Korttidskontrakt"
"Sundbyberg","Ursvik",17.947465181,59.386572393,"1","38",true,true,false,false,"10115","2024-12-17","Hyresrätt"
"Sundbyberg","Ursvik",17.947840691,59.386911133,"2","50",true,true,false,false,"14712","2024-12-17","Hyresrätt"
"Stockholm","Stureby",18.045337366,59.279292042,"2","60",true,true,false,false,"8130","2024-12-17","Hyresrätt"
"Stockholm","Stureby",18.045593065,59.279979095,"1","34",true,false,false,false,"7393","2024-12-17","Hyresrätt"
"Stockholm","Västberga",18.011619604,59.295690024,"3","74",true,true,true,false,"6376","2024-12-17","UngdomKorttid"
"Stockholm","Sköndal",18.120148,59.253765,"1","26",true,true,false,false,"4212","2024-12-17","Hyresrätt"
"Stockholm","Blackeberg",17.876921833,59.350035717,"1","33",true,true,false,false,"8579","2024-12-14","Hyresrätt"
"Stockholm","Västberga",18.011302668,59.295946825,"2","66",true,false,true,false,"6376","2024-12-17","UngdomKorttid"
"Stockholm","Västberga",18.009780998,59.294948891,"3","73",true,false,true,false,"6376","2024-12-17","UngdomKorttid"
"Stockholm","Västberga",18.011302668,59.295946825,"4","107",true,false,true,false,"6376","2024-12-17","UngdomKorttid"
"Stockholm","Sköndal",18.120075,59.253746,"3","84",true,false,false,false,"4626","2024-12-17","Hyresrätt"
"Järfälla","Jakobsbergs Centrum",17.841314077,59.424004592,"3","71",true,true,true,false,"8249","2024-12-17","Ungdomslägenhet"
"Järfälla","Säby Gård",17.864333238,59.418279868,"3","83",true,true,false,false,"13214","2024-12-17","Hyresrätt"
"Stockholm","Sköndal",18.119968,59.25371,"1","48",true,true,false,false,"4408","2024-12-17","Hyresrätt"
"Stockholm","Sköndal",18.119898,59.253696,"1","24",false,true,false,false,"4855","2024-12-17","Hyresrätt"
"Stockholm","Gamla Enskede",18.092087117,59.286929694,"1","20",false,true,false,false,"10491","2024-12-14","Hyresrätt"
"Stockholm","Sköndal",18.119736,59.253647,"1","24",false,true,false,false,"4893","2024-12-17","Hyresrätt"
"Sollentuna","Tureberg",17.944798876,59.42948569,"1","26",false,true,false,false,"11021","2024-12-17","Hyresrätt"
"Stockholm","Stureby",18.045762891,59.279625958,"1","24",true,false,false,false,"7229","2024-12-17","Hyresrätt"
"Solna","Råsunda",18.005282369,59.365569578,"1","31",false,true,false,false,"6148","2024-12-17","Hyresrätt"
"Sundbyberg","Ursvik",17.944487826,59.384880879,"4","92",true,true,false,false,"8429","2024-12-17","Hyresrätt"
"Stockholm","Liljeholmen",18.031144208,59.306483884,"1","26",false,true,false,false,"11451","2024-12-17","Hyresrätt"
"Upplands-Bro","Kungsängen",17.745249,59.477955,"1","24",false,true,false,false,"10540","2024-12-17","Hyresrätt"
"Huddinge","Flemingsberg",17.937958782,59.223580254,"1","24",false,true,false,false,"4959","2024-12-17","Studentlägenhet"
"Stockholm","Rinkeby",17.925021949,59.389975565,"1","24",false,true,false,false,"8616","2024-12-17","Hyresrätt"
"Stockholm","Riksby",17.94134709,59.340528728,"3","84",true,true,false,false,"5502","2024-12-17","Hyresrätt"
"Stockholm","Riksby",17.937730322,59.339196104,"1","24",false,true,false,false,"6123","2024-12-17","Hyresrätt"
"Stockholm","Sätra",17.917466347,59.284293108,"1","24",false,true,false,false,"10229","2024-12-17","Hyresrätt"
"Stockholm","Västberga",17.996942588,59.294043048,"1","24",false,true,false,false,"7047","2024-12-17","Hyresrätt"
"Stockholm","Husby",17.926434936,59.407803673,"1","40",false,true,false,false,"5047","2024-12-17","Hyresrätt"
"Sundbyberg","Hallonbergen",17.970660925,59.377802203,"1","24",false,true,false,false,"8607","2024-12-17","Hyresrätt"
"Haninge","Vega",18.13842,59.185528,"1","24",false,true,false,false,"10415","2024-12-17","Hyresrätt"
"Stockholm","Vasastaden",18.036032698,59.345731845,"1","29",false,true,false,false,"9517","2024-12-17","Korttidskontrakt"
"Sundbyberg","Ursvik",17.948945761,59.381966277,"1","29",false,true,false,false,"8321","2024-12-17","Hyresrätt"
"Järfälla","Söderdalen",17.831786871,59.416357698,"1","29",false,true,false,false,"15018","2024-12-17","Hyresrätt"
"Järfälla","Söderdalen",17.832226753,59.415817274,"1","29",false,true,false,false,"7255","2024-12-17","Hyresrätt"
"Stockholm","Norra Ängby",17.887330055,59.350838114,"1","29",false,true,true,false,"6290","2024-12-17","UngdomKorttid"
"Sundbyberg","Ursvik",17.951982021,59.380698529,"1","29",false,true,false,false,"12922","2024-12-17","Hyresrätt"
"Stockholm","Rinkeby",17.932584491,59.385084437,"2","61",false,true,false,false,"10990","2024-12-17","Hyresrätt"
"Stockholm","Sköndal",18.116518038,59.25610076,"1","30",true,true,false,false,"16194","2024-12-17","Hyresrätt"
"Stockholm","Vårberg",17.888521136,59.279012421,"2","64",true,true,false,false,"8252","2024-12-17","Korttidskontrakt"
"Haninge","Vega",18.13403964,59.18573987,"1","26",false,true,false,false,"13408","2024-12-17","Hyresrätt"
"Nacka","Fisksätra",18.251725208,59.291365789,"1","23",false,true,false,false,"11462","2024-12-17","Hyresrätt"
"Täby","Täby park",18.090633,59.44525,"1","22",false,true,false,false,"15631","2024-12-17","Hyresrätt"
"Stockholm","Kista",17.944263592,59.403956937,"1","26",false,true,false,false,"5823","2024-12-17","Studentlägenhet"
"Stockholm","Norra Djurgården",18.05953,59.35726,"1","23",false,true,false,false,"7375","2024-12-17","Studentlägenhet"
"Stockholm","Kista",17.944263592,59.403956937,"1","44",false,true,false,false,"6129","2024-12-17","Studentlägenhet"
"Stockholm","Tallkrogen",18.081537011,59.264556739,"2","47",true,true,false,false,"6900","2024-12-17","Studentlägenhet"
"Stockholm","Johanneshov",18.079379297,59.297973068,"3","71",true,false,true,false,"5728","2024-12-17","Ungdomslägenhet"
"Nacka","Fisksätra",18.253018005,59.291278635,"2","42",true,false,true,false,"6397","2024-12-17","Ungdomslägenhet"
"Täby","Viggbyholm",18.100372553,59.443836983,"2","35",true,true,false,false,"19336","2024-12-17","Hyresrätt"
"Stockholm","Kista",17.944263592,59.403956937,"1","32",true,false,false,false,"6232","2024-12-17","Studentlägenhet"
"Stockholm","Kista",17.943893502,59.404232383,"2","54",true,true,false,false,"5432","2024-12-17","Studentlägenhet"
"Stockholm","Kista",17.943893502,59.404232383,"1","22",true,true,false,false,"5432","2024-12-17","Studentlägenhet"
"Stockholm","Kista",17.943893502,59.404232383,"1","42",true,true,false,false,"5432","2024-12-17","Studentlägenhet"
"Nacka","Fisksätra",18.254450649,59.29191626,"1","27",true,true,false,false,"12436","2024-12-17","Hyresrätt"
"Stockholm","Kista",17.943893502,59.404232383,"2","35",true,true,false,false,"5830","2024-12-17","Studentlägenhet"
"Stockholm","Kista",17.944263592,59.403956937,"3","68",true,true,false,false,"5432","2024-12-17","Studentlägenhet"
"Stockholm","Kista",17.944263592,59.403956937,"2","55",true,true,false,false,"6187","2024-12-17","Studentlägenhet"
"Stockholm","Kista",17.943893502,59.404232383,"2","65",true,false,false,false,"8052","2024-12-17","Studentlägenhet"
"Stockholm","Kista",17.944263592,59.403956937,"2","57",false,true,false,false,"6129","2024-12-17","Studentlägenhet"
"Stockholm","Kista",17.944263592,59.403956937,"3","65",true,true,false,false,"6129","2024-12-17","Studentlägenhet"
"Stockholm","Kista",17.945751,59.40801,"3","60",true,true,false,false,"8738","2024-12-18","Studentlägenhet"
"Stockholm","Kista",17.945751,59.40801,"4","97",false,true,false,false,"8738","2024-12-18","Studentlägenhet"
"Stockholm","Kista",17.945751,59.40801,"3","77",true,true,false,false,"8738","2024-12-18","Studentlägenhet"
"Stockholm","Kista",17.945751,59.40801,"3","74",true,false,false,false,"8738","2024-12-18","Studentlägenhet"
"Stockholm","Kista",17.945751,59.40801,"2","49",true,true,false,false,"8738","2024-12-18","Studentlägenhet"
"Stockholm","Kista",17.945751,59.40801,"3","82",true,false,false,false,"8738","2024-12-18","Studentlägenhet"
"Värmdö","Stavsnäs",18.690969981,59.28520151,"3","55",true,true,false,false,"8477","2024-12-18","Korttidskontrakt"
"Tyresö","Bollmora",18.222364,59.246902,"1","21",false,true,false,false,"7844","2024-12-18","Hyresrätt"
"Tyresö","Bollmora",18.222364,59.246902,"1","24",false,true,false,false,"12500","2024-12-18","Hyresrätt"
"Haninge","Handen",18.134069466,59.158603766,"1","27",false,true,true,false,"5539","2024-12-18","UngdomKorttid"
"Lidingö","Larsberg",18.147579432,59.348486215,"2","63",true,false,true,false,"7854","2024-12-18","UngdomKorttid"
"Salem","Rönninge",17.74983,59.19388,"2","55",true,true,false,false,"7070","2024-12-18","Hyresrätt"
"Järfälla","Barkarbystaden",17.873753,59.413273,"2","72",false,true,false,false,"7784","2024-12-17","Hyresrätt"
"Lidingö","Larsberg",18.147579432,59.348486215,"2","43",true,true,true,false,"7990","2024-12-18","UngdomKorttid"
"Tyresö","Bollmora",18.222988,59.24655,"2","35",false,true,false,false,"9271","2024-12-18","Hyresrätt"
"Sigtuna","Märsta Centrum",17.855379581,59.61992876,"5","112",true,true,false,false,"10114","2024-12-18","Hyresrätt"
"Sollentuna","Rotsunda",17.918001022,59.48080769,"2","35",false,true,false,false,"8045","2024-12-18","Korttidskontrakt"
"Södertälje","Blombacka",17.59726376,59.189777211,"1","33",true,true,false,false,"7956","2024-12-18","Hyresrätt"
"Stockholm","Bromsten",17.910686731,59.378343234,"2","56",false,true,false,false,"10569","2024-12-18","Hyresrätt"
"Nynäshamn","Ösmo",17.902299511,58.987814343,"1","22",false,true,false,false,"5372","2024-12-18","Hyresrätt"
"Järfälla","Söderhöjden",17.851839066,59.417100084,"1","25",true,true,false,false,"11957","2024-12-18","Hyresrätt"
"Nacka","Orminge",18.23246,59.340057,"3","82",true,false,false,false,"6912","2024-12-18","Hyresrätt"
"Upplands Väsby","Väsby Centrum",17.91522932,59.517140037,"3","82",true,false,false,false,"9551","2024-12-18","Hyresrätt"
"Stockholm","Hässelby Strand",17.834541426,59.362904752,"3","82",true,false,false,false,"4128","2024-12-18","Hyresrätt"
"Stockholm","Bromsten",17.910686731,59.378343234,"3","82",true,false,false,false,"10569","2024-12-18","Hyresrätt"
"Stockholm","Hägerstensåsen",17.979254723,59.296232084,"3","82",true,false,false,false,"12613","2024-12-18","Hyresrätt"
"Stockholm","Liljeholmen",18.023524111,59.305967289,"3","82",true,false,false,false,"11580","2024-12-18","Hyresrätt"
"Vallentuna","Vallentuna C",18.0747791,59.538110699,"1","37",false,false,false,false,"10517","2024-12-18","Hyresrätt"
"Upplands Väsby","Väsby Centrum",17.917639017,59.517123982,"4","107",true,false,false,true,"10738","2024-12-18","SeniorbostadPlus65"
"Värmdö","Ingarö",18.427570324,59.282636319,"2","38",true,true,false,false,"9462","2024-12-18","Hyresrätt"
"Värmdö","Lugnet",18.391471113,59.33354343,"2","56",true,true,false,false,"6617","2024-12-18","Hyresrätt"
"Täby","Viggbyholm",18.100372553,59.443836983,"2","42",true,true,false,false,"15251","2024-12-18","Hyresrätt"
"Nacka","Orminge",18.255050182,59.327295371,"3","83",true,true,false,false,"10188","2024-12-18","Hyresrätt"
"Nacka","Orminge",18.255050182,59.327295371,"1","42",true,true,false,false,"18193","2024-12-18","Hyresrätt"
"Nacka","Orminge",18.255050182,59.327295371,"3","81",true,false,false,false,"12614","2024-12-18","Hyresrätt"
"Nacka","Orminge",18.255050182,59.327295371,"1","42",true,true,false,false,"17707","2024-12-18","Hyresrätt"
"Täby","Täby park",18.08844,59.444126,"2","28",false,true,false,false,"15116","2024-12-18","Hyresrätt"
"Solna","Ulriksdal",17.998376232,59.377952062,"2","29",false,true,true,false,"7393","2024-12-18","UngdomKorttid"
"Sundbyberg","Ursvik",17.943828106,59.386118912,"1","49",false,true,false,false,"10608","2024-12-18","Hyresrätt"
"Sollentuna","Rotebro",17.911532164,59.475576244,"2","65",true,false,false,false,"7598","2024-12-18","Korttidskontrakt"
"Sundbyberg","Ursvik",17.94323802,59.385949538,"2","63",false,true,false,false,"11808","2024-12-18","Hyresrätt"
"Stockholm","Norra Djurgården",18.059442043,59.35520237,"2","68",true,true,false,false,"7513","2024-12-18","Studentlägenhet"
"Järfälla","Barkarbystaden",17.870335579,59.415669884,"2","31",false,true,false,false,"4933","2024-12-18","Studentlägenhet"
"Järfälla","Barkarbystaden",17.868908644,59.415484281,"1","23",false,true,false,false,"5161","2024-12-18","Hyresrätt"
"Sigtuna","Norrbacka",17.858622646,59.634540848,"2","55",true,true,false,false,"9917","2024-12-18","Hyresrätt"
"Salem","Rönninge",17.773153782,59.206008296,"1","22",false,true,false,false,"11036","2024-12-18","Hyresrätt"
"Järfälla","Barkarbystaden",17.869284153,59.415347807,"1","28",true,true,false,false,"9487","2024-12-18","Hyresrätt"
"Järfälla","Barkarbystaden",17.869981527,59.41553887,"1","32",false,false,false,false,"7037","2024-12-18","Hyresrätt"
"Stockholm","Vårberg",17.881052,59.273052,"2","46",true,true,true,false,"8744","2024-12-18","Ungdomslägenhet"
"Järfälla","Barkarbystaden",17.869906425,59.415855486,"1","27",false,false,false,false,"13930","2024-12-18","Studentlägenhet"
"Stockholm","Vårberg",17.880651,59.27339,"3","74",true,true,true,false,"8744","2024-12-18","Ungdomslägenhet"
"Stockholm","Råcksta",17.888284922,59.354743001,"1","32",false,true,true,false,"6362","2024-12-18","UngdomKorttid"
"Järfälla","Barkarbystaden",17.864424448,59.408750972,"2","42",false,true,false,false,"12376","2024-12-18","Hyresrätt"
"Stockholm","Södra Hammarbyhamnen",18.09121646,59.303261654,"1","23",false,true,false,false,"10823","2024-12-18","Hyresrätt"
"Stockholm","Bredäng",17.931772072,59.295599064,"2","61",false,true,true,false,"3689","2024-12-18","Ungdomslägenhet"
"Täby","Hägerneholm",18.119319677,59.469637145,"3","83",true,false,false,false,"7815","2024-12-18","Hyresrätt"
"Järfälla","Söderhöjden",17.846513566,59.416395635,"3","65",true,true,false,false,"7873","2024-12-18","Korttidskontrakt"
"Järfälla","Söderhöjden",17.847023337,59.416962332,"3","72",true,false,false,false,"7936","2024-12-18","Korttidskontrakt"
"Järfälla","Söderhöjden",17.845813086,59.413829561,"2","63",true,false,false,false,"7880","2024-12-18","Korttidskontrakt"
"Järfälla","Söderhöjden",17.846344247,59.416802344,"2","61",true,true,false,false,"7798","2024-12-18","Korttidskontrakt"
"Järfälla","Söderhöjden",17.846344247,59.416802344,"2","57",true,true,false,false,"7546","2024-12-18","Korttidskontrakt"
"Järfälla","Söderhöjden",17.846407094,59.416675653,"2","53",false,true,false,false,"7938","2024-12-18","Korttidskontrakt"
"Järfälla","Söderhöjden",17.846407094,59.416675653,"1","31",true,true,false,false,"3870","2024-12-18","Korttidskontrakt"
"Järfälla","Söderhöjden",17.848734252,59.416118467,"1","39",false,false,false,false,"10056","2024-12-18","Korttidskontrakt"
"Värmdö","Gustavsberg",18.384389273,59.31942208,"2","60",true,false,true,false,"8516","2024-12-18","Ungdomslägenhet"
"Upplands Väsby","Väsby Centrum",17.91522932,59.517140037,"2","52",true,true,false,false,"12549","2024-12-18","Hyresrätt"
"Stockholm","Bredäng",17.938853843,59.290382882,"3","77",true,false,false,false,"7824","2024-12-18","Hyresrätt"
"Nacka","Fisksätra",18.25640795,59.291304685,"2","65",true,false,false,false,"12665","2024-12-18","Hyresrätt"
"Upplands Väsby","Väsby Centrum",17.91522932,59.517140037,"2","65",true,false,false,false,"9930","2024-12-18","Hyresrätt"
"Vallentuna","Vallentuna C",18.074323095,59.537903093,"4","101",true,false,false,false,"10252","2024-12-18","Hyresrätt"
"Upplands Väsby","Väsby Centrum",17.91522932,59.517140037,"2","61",true,false,false,false,"9930","2024-12-18","Hyresrätt"
"Stockholm","Midsommarkransen",18.003845,59.297646,"1","26",false,true,false,false,"10091","2024-12-18","Korttidskontrakt"
"Stockholm","Midsommarkransen",18.003845,59.297646,"1","27",false,true,false,false,"10235","2024-12-18","Korttidskontrakt"
"Nacka","Orminge",18.23246,59.340057,"2","66",false,true,false,false,"10245","2024-12-18","Hyresrätt"
"Sigtuna","Märsta Centrum",17.85761572,59.622399122,"1","33",true,true,false,false,"10208","2024-12-18","Hyresrätt"
"Stockholm","Södra Hammarbyhamnen",18.104483877,59.301842824,"1","33",true,true,false,false,"12349","2024-12-18","Studentlägenhet"
"Stockholm","Södra Hammarbyhamnen",18.103733015,59.310234445,"4","102",true,true,false,false,"13007","2024-12-18","Hyresrätt"
"Stockholm","Midsommarkransen",18.003166,59.29745,"3","75",true,true,false,false,"10510","2024-12-18","Korttidskontrakt"
"Stockholm","Ladugårdsgärdet",18.102524818,59.346741506,"1","20",false,true,false,false,"5322","2024-12-18","Studentlägenhet"
"Värmdö","Gustavsberg",18.384625162,59.322767291,"1","22",false,true,false,false,"10294","2024-12-18","Hyresrätt"
"Stockholm","Bredäng",17.937927459,59.290164582,"2","31",false,true,true,false,"5859","2024-12-18","Ungdomslägenhet"
"Stockholm","Årsta",18.057513875,59.294150327,"2","32",false,true,false,false,"7269","2024-12-18","Studentlägenhet"
"Huddinge","Flemingsberg",17.939990434,59.212070923,"1","24",false,true,false,false,"5051","2024-12-18","Studentlägenhet"
"Stockholm","Bandhagen",18.056244,59.268536,"1","24",false,true,false,false,"10802","2024-12-18","Hyresrätt"
"Huddinge","Flemingsberg",17.936717874,59.212106632,"2","27",false,true,false,false,"4593","2024-12-18","Studentkorridor"
"Stockholm","Älvsjö",18.01067336,59.279165291,"2","29",false,true,false,false,"12708","2024-12-18","Hyresrätt"
"Huddinge","Flemingsberg",17.937958782,59.223580254,"2","45",true,true,false,false,"5407","2024-12-18","Studentlägenhet"
"Huddinge","Flemingsberg",17.937958782,59.223580254,"1","27",true,true,false,false,"6777","2024-12-18","Studentlägenhet"
"Huddinge","Flemingsberg",17.937958782,59.223580254,"4","80",true,false,false,false,"4511","2024-12-18","Studentlägenhet"
"Huddinge","Flemingsberg",17.937958782,59.223580254,"1","29",true,true,false,false,"9035","2024-12-18","Studentlägenhet"
"Stockholm","Mariehäll",17.950737,59.362877,"3","82",true,false,false,false,"14737","2024-12-18","Hyresrätt"
"Stockholm","Västertorp",17.966445484,59.292029276,"2","44",false,true,false,false,"7581","2024-12-18","Hyresrätt"
"Stockholm","Norra Djurgården",18.094106913,59.359336411,"1","27",true,true,false,false,"17525","2024-12-18","Hyresrätt"
"Södertälje","Geneta",17.577991662,59.195751845,"1","29",true,false,false,false,"9364","2024-12-18","Hyresrätt"
"Stockholm","Rinkeby",17.933135512,59.386575021,"5","128",true,true,false,false,"9142","2024-12-18","Hyresrätt"
"Stockholm","Blackeberg",17.879757931,59.345797284,"2","48",true,true,false,false,"8892","2024-12-18","Hyresrätt"
"Solna","Bergshamra",18.033967718,59.381829865,"2","51",true,false,true,false,"5552","2024-12-18","UngdomKorttid"
"Stockholm","Johanneshov",18.087474235,59.294580747,"1","26",false,false,true,false,"5876","2024-12-18","Ungdomslägenhet"
"Stockholm","Hässelby Strand",17.831171726,59.358602215,"3","65",true,true,true,false,"5596","2024-12-18","Ungdomslägenhet"
"Upplands Väsby","Smedby",17.919167649,59.509082524,"5","99",true,true,false,false,"8006","2024-12-18","Hyresrätt"
"Stockholm","Stureby",18.045439444,59.283250417,"4","97",true,true,false,false,"10413","2024-12-18","Hyresrätt"
"Upplands Väsby","Smedby",17.916306,59.50966,"2","61",false,true,false,false,"11956","2024-12-18","Hyresrätt"
"Upplands Väsby","Smedby",17.916306,59.50966,"1","29",true,true,false,false,"9286","2024-12-18","Hyresrätt"
"Upplands Väsby","Smedby",17.917884596,59.513143914,"1","21",false,true,false,false,"9286","2024-12-18","Hyresrätt"
"Stockholm","Hässelby Gård",17.850589536,59.365060568,"2","55",true,false,false,false,"10616","2024-12-18","Hyresrätt"
"Stockholm","Beckomberga",17.897553539,59.362151779,"1","43",true,false,false,false,"7917","2024-12-18","Hyresrätt"
"Stockholm","Tallkrogen",18.081537011,59.264556739,"1","56",false,true,false,false,"6900","2024-12-18","Studentlägenhet"
"Stockholm","Tallkrogen",18.082541227,59.264312447,"1","28",false,false,false,false,"7700","2024-12-18","Studentlägenhet"
"Stockholm","Södermalm",18.083791244,59.30776497,"3","82",true,true,false,false,"7430","2024-12-18","Korttidskontrakt"
"Stockholm","Råcksta",17.888284922,59.354743001,"2","99",true,true,true,false,"6362","2024-12-18","UngdomKorttid"
"Stockholm","Norra Ängby",17.887587547,59.350805298,"1","22",false,true,true,false,"6290","2024-12-18","UngdomKorttid"
"Stockholm","Vällingby",17.871210258,59.364556062,"2","36",true,true,false,false,"16733","2024-12-18","Hyresrätt"
"Stockholm","Vällingby",17.874965709,59.363832067,"1","24",false,true,false,false,"12777","2024-12-18","Hyresrätt"
"Stockholm","Norra Djurgården",18.059442043,59.35520237,"2","36",true,true,false,false,"7375","2024-12-18","Studentlägenhet"
"Stockholm","Midsommarkransen",18.003166,59.29745,"2","71",true,true,false,false,"8329","2024-12-18","Korttidskontrakt"
"Stockholm","Midsommarkransen",18.003166,59.29745,,"71",true,true,false,false,"10685","2024-12-18","Korttidskontrakt"
"Stockholm","Midsommarkransen",18.003166,59.29745,"1","26",false,true,false,false,"10685","2024-12-18","Korttidskontrakt"
"Stockholm","Kista",17.944263592,59.403956937,"3","71",true,true,false,false,"5432","2024-12-18","Studentlägenhet"
"Stockholm","Kista",17.944263592,59.403956937,"2","57",true,false,false,false,"5804","2024-12-18","Studentlägenhet"
"Stockholm","Midsommarkransen",18.003166,59.29745,"1","43",false,true,false,false,"9989","2024-12-18","Korttidskontrakt"
"Stockholm","Midsommarkransen",18.003845,59.297646,"2","42",false,true,false,false,"10235","2024-12-18","Korttidskontrakt"
"Södertälje","Södertälje Centrum",17.622435093,59.202009407,"3","69",true,true,false,false,"9428","2024-12-19","Hyresrätt"
"Södertälje","Södertälje Centrum",17.622517264,59.201027476,"1","26",false,true,false,false,"7061","2024-12-19","Hyresrätt"
"Stockholm","Vårberg",17.883467674,59.272284198,"2","66",false,false,false,false,"17781","2024-12-19","Hyresrätt"
"Södertälje","Södertälje Centrum",17.622517264,59.201027476,"2","62",true,true,false,false,"7255","2024-12-19","Hyresrätt"
"Västerås","Råby",16.498259067,59.606583466,"3","79",true,false,false,false,"10839","2024-12-19","Hyresrätt"
"Södertälje","Södertälje Centrum",17.621716261,59.201707274,"3","57",true,false,false,false,"9265","2024-12-19","Hyresrätt"
"Södertälje","Södertälje Centrum",17.622517264,59.201027476,"3","80",true,true,false,false,"7061","2024-12-19","Hyresrätt"
"Södertälje","Blombacka",17.601108032,59.189338092,"3","79",true,false,true,false,"5982","2024-12-19","Ungdomslägenhet"
"Haninge","Brandbergen",18.171578956,59.171037392,"3","77",true,true,false,false,"16077","2024-12-19","Hyresrätt"
"Södertälje","Södertälje Centrum",17.622435093,59.202009407,"4","100",true,true,false,false,"9724","2024-12-19","Hyresrätt"
"Sollentuna","Rotsunda",17.918027618,59.480950929,"2","66",true,true,false,false,"6314","2024-12-19","Korttidskontrakt"
"Huddinge","Flemingsberg",17.938492374,59.211637538,"1","21",false,true,false,false,"4403","2024-12-19","Studentkorridor"
"Haninge","Handen",18.13402762,59.158245304,"1","28",true,true,true,false,"5726","2024-12-19","UngdomKorttid"
"Sollentuna","Rotsunda",17.916950593,59.482925812,"2","59",false,true,false,false,"6317","2024-12-19","Korttidskontrakt"
"Solna","Ulriksdal",17.999785428,59.379607562,"3","76",true,false,true,false,"6253","2024-12-19","UngdomKorttid"
"Sundbyberg","Hallonbergen",17.971435547,59.378406627,"1","17",false,true,false,false,"18793","2024-12-19","Hyresrätt"
"Stockholm","Liljeholmen",18.025511436,59.313287895,"1","17",false,true,false,false,"19013","2024-12-19","Hyresrätt"
"Nacka","Fisksätra",18.255155128,59.291947913,"3","72",true,false,false,false,"9113","2024-12-19","Hyresrätt"
"Nacka","Orminge",18.255050182,59.327295371,"1","22",false,false,false,false,"7641","2024-12-19","Hyresrätt"
"Sollentuna","Tureberg",17.943756977,59.428335428,"2","67",true,true,false,false,"4961","2024-12-19","Hyresrätt"
"Sigtuna","Valsta",17.843298912,59.616770718,"2","60",true,false,false,false,"10534","2024-12-19","Hyresrätt"
"Sigtuna","Valsta",17.843298912,59.616770718,"1","20",false,true,false,false,"8538","2024-12-19","Hyresrätt"
"Stockholm","Östermalm",18.080982,59.342487,"1","24",false,true,false,false,"8459","2024-12-19","Korttidskontrakt"
"Stockholm","Södermalm",18.060186498,59.314910531,"1","43",true,true,false,false,"6636","2024-12-19","Studentlägenhet"
"Stockholm","Husby",17.93121345,59.405921089,,"33",true,true,false,false,"11797","2024-12-19","Hyresrätt"
"Stockholm","Bandhagen",18.051576621,59.270384254,"2","55",true,true,false,false,"11646","2024-12-19","Hyresrätt"
"Stockholm","Midsommarkransen",18.003166,59.29745,"3","70",true,true,false,false,"8329","2024-12-19","Korttidskontrakt"
"Botkyrka","Alby",17.845637798,59.240045795,"2","58",true,true,false,false,"10325","2024-12-19","Hyresrätt"
"Stockholm","Ladugårdsgärdet",18.102524818,59.346741506,"1","24",false,true,false,false,"5581","2024-12-19","Studentlägenhet"
"Botkyrka","Alby",17.845637798,59.240045795,"4","106",true,true,false,false,"10125","2024-12-19","Hyresrätt"
"Södertälje","Karlhov",17.60810275,59.207854439,"2","60",true,false,false,false,"10178","2024-12-19","Hyresrätt"
"Järfälla","Söderhöjden",17.850358486,59.41699637,"1","25",true,true,false,false,"9580","2024-12-19","Hyresrätt"
"Stockholm","Södermalm",18.079906007,59.312439572,"1","20",false,true,true,false,"4278","2024-12-19","UngdomKorttid"
"Solna","Hagalund",18.005333576,59.363099304,"1","33",false,false,false,false,"11738","2024-12-19","Hyresrätt"
"Lidingö","Skärsätra",18.157778868,59.347893581,"2","56",true,true,false,false,"8716","2024-12-19","Hyresrätt"
"Stockholm","Hässelby Strand",17.831091556,59.361979638,"2","45",true,true,false,false,"6548","2024-12-19","Hyresrätt"
"Huddinge","Flemingsberg",17.937958782,59.223580254,"3","79",true,true,false,false,"6777","2024-12-19","Studentlägenhet"
"Huddinge","Sjödalen-Fullersta",17.98458588,59.238315606,"2","55",true,true,false,false,"8691","2024-12-19","Hyresrätt"
"Stockholm","Älvsjö",18.002382,59.28148,"4","108",true,true,false,false,"6781","2024-12-19","Studentlägenhet"
"Stockholm","Rågsved",18.034662201,59.254762613,"1","14",false,true,false,false,"7819","2024-12-19","Hyresrätt"
"Stockholm","Solberga",18.006274023,59.285768012,"1","28",true,true,false,false,"6284","2024-12-19","Hyresrätt"
"Stockholm","Rågsved",18.028157247,59.261501001,,"35",true,true,false,false,"9421","2024-12-19","Hyresrätt"
"Stockholm","Bagarmossen",18.126995859,59.282010597,"1","26",false,true,false,false,"7951","2024-12-19","Hyresrätt"
"Stockholm","Johanneshov",18.08964818,59.290869819,"3","75",true,true,false,false,"10479","2024-12-19","Hyresrätt"
"Stockholm","Södermalm",18.052911613,59.316733403,"3","75",true,true,false,false,"10729","2024-12-19","Hyresrätt"
"Stockholm","Rinkeby",17.925318351,59.386827954,"3","75",true,true,false,false,"8722","2024-12-19","Hyresrätt"
"Huddinge","Vårby",17.889010603,59.267205585,"2","67",true,true,false,false,"10729","2024-12-19","Hyresrätt"
"Stockholm","Rinkeby",17.929757077,59.389126343,"2","67",true,true,false,false,"11980","2024-12-19","Hyresrätt"
"Haninge","Brandbergen",18.178484635,59.171486207,"2","68",true,true,false,false,"9730","2024-12-19","Hyresrätt"
"Sundbyberg","Sundbyberg Centrum",17.967728318,59.364248946,"2","54",true,true,true,false,"4605","2024-12-19","UngdomKorttid"
"Stockholm","Lilla Essingen",18.006775682,59.324246737,"2","54",true,true,true,false,"5729","2024-12-19","UngdomKorttid"
"Lidingö","Larsberg",18.143902728,59.34861914,"2","54",true,true,false,false,"9998","2024-12-19","Hyresrätt"
"Sollentuna","Rotebro",17.909564084,59.475987195,"2","54",true,true,false,false,"7508","2024-12-19","Korttidskontrakt"
"Stockholm","Sköndal",18.120596409,59.254221725,"2","54",true,true,false,false,"3897","2024-12-19","Studentkorridor"
"Stockholm","Sköndal",18.120596409,59.254221725,"2","54",true,true,false,false,"3897","2024-12-19","Studentkorridor"
"Stockholm","Råcksta",17.885961538,59.356680202,"2","35",true,true,false,false,"12834","2024-12-19","Hyresrätt"
"Stockholm","Sköndal",18.127022,59.25196,"1","36",true,true,false,false,"2547","2024-12-19","Studentlägenhet"
"Stockholm","Husby",17.930750737,59.405282105,"4","83",true,false,false,false,"9371","2024-12-19","Hyresrätt"
"Sigtuna","Sigtuna",17.716593849,59.622636101,"3","83",true,true,false,false,"8342","2024-12-19","Hyresrätt"
"Stockholm","Kungsholmen",18.025689759,59.333803658,"1","30",false,true,false,false,"6408","2024-12-19","Studentlägenhet"
"Stockholm","Vasastaden",18.048114147,59.336975804,"3","77",true,true,true,false,"4475","2024-12-19","Ungdomslägenhet"
"Stockholm","Södra Hammarbyhamnen",18.11221216,59.305765192,"2","41",true,true,false,false,"8635","2024-12-19","Hyresrätt"
"Stockholm","Västberga",18.011302668,59.295946825,"3","74",true,false,true,false,"6376","2024-12-19","UngdomKorttid"
"Stockholm","Solberga",18.006423839,59.288360634,"1","35",false,true,false,false,"11858","2024-12-19","Hyresrätt"
"Stockholm","Årsta",18.044299118,59.295015705,"2","31",false,true,false,false,"12077","2024-12-19","Hyresrätt"
"Stockholm","Södra Hammarbyhamnen",18.111431074,59.307197869,"2","57",false,true,false,false,"10878","2024-12-19","Hyresrätt"
"Stockholm","Ladugårdsgärdet",18.102524818,59.346741506,"3","79",true,false,false,false,"5508","2024-12-19","Studentlägenhet"
"Södertälje","Ronna",17.591872791,59.206183822,"1","27",true,true,false,false,"14078","2024-12-19","Hyresrätt"
"Stockholm","Tensta",17.898276809,59.391323087,"1","40",false,true,false,false,"6511","2024-12-19","Hyresrätt"
"Stockholm","Norra Djurgården",18.055839213,59.353051298,"3","79",false,true,false,false,"5831","2024-12-19","Studentlägenhet"
"Stockholm","Norra Djurgården",18.05953,59.35726,"1","27",true,true,false,false,"7375","2024-12-19","Studentlägenhet"
"Stockholm","Norra Djurgården",18.061085926,59.352350018,"1","34",true,true,false,false,"6760","2024-12-19","Studentlägenhet"
"Stockholm","Råcksta",17.883236078,59.356975071,"2","35",true,true,false,false,"10638","2024-12-19","Hyresrätt"
"Värmdö","Gustavsberg",18.381886482,59.320612015,"2","46",true,true,false,false,"9126","2024-12-19","Hyresrätt"
"Stockholm","Vasastaden",18.04443452,59.338754199,"2","65",true,false,false,false,"15408","2024-12-19","Hyresrätt"
"Värmdö","Gustavsberg",18.383747884,59.322784654,"1","27",true,false,false,false,"10294","2024-12-19","Hyresrätt"
"Stockholm","Tensta",17.907869692,59.394994115,"4","90",true,true,false,false,"13442","2024-12-19","Hyresrätt"
"Stockholm","Norra Djurgården",18.059334755,59.355585173,"3","84",true,true,false,false,"6004","2024-12-19","Studentkorridor"
"Stockholm","Södermalm",18.055479686,59.31040317,"1","34",true,true,false,false,"6235","2024-12-19","Studentlägenhet"
"Stockholm","Bromsten",17.910686731,59.378343234,"2","62",true,false,false,false,"9900","2024-12-19","Hyresrätt"
"Haninge","Handen",18.135607131,59.158073298,"2","63",true,true,true,false,"5512","2024-12-20","UngdomKorttid"
"Stockholm","Bandhagen",18.053633,59.2699,"4","90",true,true,false,false,"17174","2024-12-20","Hyresrätt"
"Stockholm","Bandhagen",18.053633,59.2699,"1","27",false,false,false,false,"17174","2024-12-20","Hyresrätt"
"Stockholm","Bandhagen",18.053633,59.2699,"1","44",true,true,false,false,"17174","2024-12-20","Hyresrätt"
"Järfälla","Söderhöjden",17.85235405,59.41616664,"2","41",false,false,false,false,"13865","2024-12-20","Hyresrätt"
"Järfälla","Söderhöjden",17.85235405,59.41616664,"2","45",false,false,false,false,"13865","2024-12-20","Hyresrätt"
"Järfälla","Söderhöjden",17.85235405,59.41616664,"2","58",true,false,false,false,"13992","2024-12-20","Hyresrätt"
"Järfälla","Söderhöjden",17.85235405,59.41616664,"3","75",true,true,false,false,"12084","2024-12-20","Hyresrätt"
"Järfälla","Söderhöjden",17.85235405,59.41616664,"3","59",false,false,false,false,"12084","2024-12-20","Hyresrätt"
"Järfälla","Söderhöjden",17.85235405,59.41616664,"1","25",false,true,false,false,"12084","2024-12-20","Hyresrätt"
"Järfälla","Söderhöjden",17.85235405,59.41616664,"1","21",false,false,false,false,"12084","2024-12-20","Hyresrätt"
"Järfälla","Söderhöjden",17.852246761,59.416554213,"1","28",false,true,false,false,"12212","2024-12-20","Hyresrätt"
"Järfälla","Söderhöjden",17.852246761,59.416554213,"1","30",true,true,false,false,"11957","2024-12-20","Hyresrätt"
"Järfälla","Söderhöjden",17.852246761,59.416554213,"2","68",true,true,false,false,"11957","2024-12-20","Hyresrätt"
"Stockholm","Åkeshov",17.93397,59.333878,"1","36",true,true,false,false,"10683","2024-12-20","Hyresrätt"
"Södertälje","Blombacka",17.597242986,59.189714646,"1","29",false,true,false,false,"10126","2024-12-20","Hyresrätt"
"Österåker","Hacksta",18.307323217,59.485088181,"1","25",false,true,false,false,"8028","2024-12-20","Hyresrätt"
"Sollentuna","Rotsunda",17.916635975,59.4818444,"2","69",true,true,false,false,"9817","2024-12-20","Korttidskontrakt"
"Nacka","Fisksätra",18.253531837,59.290855873,"3","79",true,false,false,false,"12598","2024-12-20","Hyresrätt"
"Tyresö","Bollmora",18.22294,59.246876,"2","52",true,true,false,false,"7526","2024-12-20","Hyresrätt"
"Järfälla","Barkarbystaden",17.864424448,59.408750972,"3","70",true,true,false,false,"16225","2024-12-20","Hyresrätt"
"Haninge","Vega",18.136861324,59.185662927,"2","63",true,true,true,false,"9118","2024-12-20","Ungdomslägenhet"
"Nynäshamn","Nynäshamn Centrum",17.940888405,58.898306153,"1","25",false,true,false,false,"10848","2024-12-20","Hyresrätt"
"Stockholm","Farsta",18.100683689,59.249125872,"1","32",false,false,true,false,"7935","2024-12-20","Ungdomslägenhet"
"Salem","Rönninge",17.74983,59.19388,"2","47",true,true,false,false,"8963","2024-12-20","Hyresrätt"
"Huddinge","Flemingsberg",17.937958782,59.223580254,"2","40",true,false,false,false,"8668","2024-12-20","Studentlägenhet"
"Sigtuna","Sigtuna",17.715880364,59.622556713,"1","45",false,true,false,false,"10048","2024-12-20","Hyresrätt"
"Täby","Täby park",18.090633,59.44525,"1","33",true,true,false,false,"10191","2024-12-20","Hyresrätt"
"Stockholm","Kista",17.943893502,59.404232383,"2","44",true,true,false,false,"8052","2024-12-20","Studentlägenhet"
"Stockholm","Vasastaden",18.037697639,59.344311483,"1","39",true,true,false,true,"12684","2024-12-20","SeniorbostadPlus65"
"Järfälla","Barkarbystaden",17.86875844,59.415768144,"3","74",false,false,false,false,"5195","2024-12-20","Hyresrätt"
"Järfälla","Barkarbystaden",17.869563103,59.415844568,"1","39",true,true,false,false,"5812","2024-12-20","Hyresrätt"
"Stockholm","Midsommarkransen",18.003845,59.297646,"2","52",true,true,false,false,"11165","2024-12-20","Korttidskontrakt"
"Stockholm","Liljeholmen",18.03006276,59.303907187,"1","27",true,true,false,false,"10332","2024-12-20","Hyresrätt"
"Upplands Väsby","Smedby",17.919239827,59.511083732,"1","27",true,true,false,false,"10415","2024-12-20","Hyresrätt"
"Stockholm","Hässelby Gård",17.839153112,59.366487473,"1","26",false,true,true,false,"3993","2024-12-20","Ungdomslägenhet"
"Stockholm","Södermalm",18.095178684,59.310744259,"2","50",true,true,false,false,"10350","2024-12-20","Hyresrätt"
"Haninge","Jordbro",18.134693,59.14154,"2","52",true,true,false,false,"15976","2024-12-20","Hyresrätt"
"Stockholm","Vasastaden",18.044658157,59.34402151,"1","27",false,true,false,false,"10427","2024-12-20","Hyresrätt"
"Järfälla","Jakobsbergs Centrum",17.837624144,59.421221394,"1","25",false,true,true,false,"7962","2024-12-20","Ungdomslägenhet"
"Stockholm","Rinkeby",17.924265799,59.388578075,"1","26",false,true,false,false,"9332","2024-12-20","Hyresrätt"
"Nacka","Fisksätra",18.257801293,59.292859028,"1","21",false,true,false,false,"9602","2024-12-20","Hyresrätt"
"Järfälla","Barkarbystaden",17.866996085,59.413972724,"4","108",true,true,false,false,"14980","2024-12-20","Hyresrätt"